Tickers;Segmentos
2WAV3;MERCADO DE BALCÃO
A6OP3;BOLSA
AALR12;NOVO MERCADO
AALR13;NOVO MERCADO
AALR3;NOVO MERCADO
ABCB3;NIVEL 2
ABCB4;NIVEL 2
ABEV3;BOLSA
ADMF3;NOVO MERCADO
AERI3;NOVO MERCADO
AESO3;BOLSA
AFLT3;BOLSA
AGBK4;BOLSA
AGRA4;BOLSA
AGRO3;NOVO MERCADO
AGXY3;NOVO MERCADO
AHEB3;BOLSA
AHEB5;BOLSA
AHEB6;BOLSA
ALLD3;NOVO MERCADO
ALOS3;NOVO MERCADO
ALPA3;NIVEL 1
ALPA4;NIVEL 1
ALPK3;NOVO MERCADO
ALUP3;NIVEL 2
ALUP4;NIVEL 2
AMAR3;NOVO MERCADO
AMBP3;NOVO MERCADO
AMER3;NOVO MERCADO
AMOB3;NOVO MERCADO
AMZG3;BOLSA
ANIM3;NOVO MERCADO
APTI3;BOLSA
APTI4;BOLSA
ARML3;NOVO MERCADO
ASAI3;NOVO MERCADO
ATEA3;BOLSA
ATED3;BOLSA
ATMP3;BOLSA
AURE3;NOVO MERCADO
AVLL3;NOVO MERCADO
AZEV3;BOLSA
AZEV4;BOLSA
AZTE3;BOLSA
AZUL17;NIVEL 2
AZUL3;NIVEL 2
AZUL4;NIVEL 2
AZZA3;NOVO MERCADO
B3SA3;NOVO MERCADO
BALM3;BOLSA
BALM4;BOLSA
BAUH3;BOLSA
BAUH4;BOLSA
BAZA3;BOLSA
BBAS11;NOVO MERCADO
BBAS12;NOVO MERCADO
BBAS3;NOVO MERCADO
BBDC3;NIVEL 1
BBDC4;NIVEL 1
BBML3;BOVESPA MAIS
BBSE3;NOVO MERCADO
BCEE3;BOLSA
BCEE5;BOLSA
BCPS3;BOLSA
BCPS4;BOLSA
BDLL3;BOLSA
BDLL4;BOLSA
BEEF3;NOVO MERCADO
BEES3;BOLSA
BEES4;BOLSA
BEGB4;BOLSA
BETP3;BOLSA
BFFT3;MERCADO DE BALCÃO
BGIP3;BOLSA
BGIP4;BOLSA
BHIA3;NOVO MERCADO
BIED3;BOVESPA MAIS
BIOM3;BOVESPA MAIS
BLAU3;NOVO MERCADO
BMEB3;NIVEL 1
BMEB4;NIVEL 1
BMGB3;NIVEL 1
BMGB4;NIVEL 1
BMIN3;BOLSA
BMIN4;BOLSA
BMKS3;BOLSA
BMOB3;NOVO MERCADO
BNAC3;BOLSA
BNAC4;BOLSA
BNBR3;BOLSA
BNRG3;BOLSA
BOBR3;BOLSA
BOBR4;BOLSA
BPAC3;NIVEL 2
BPAC5;NIVEL 2
BPAC6;NIVEL 2
BPAN11;NIVEL 1
BPAN3;NIVEL 1
BPAN4;NIVEL 1
BPAR3;BOLSA
BRAP3;NIVEL 1
BRAP4;NIVEL 1
BRAV3;NOVO MERCADO
BRBI3;NIVEL 2
BRBI4;NIVEL 2
BRFS3;NOVO MERCADO
BRKM3;NIVEL 1
BRKM5;NIVEL 1
BRKM6;NIVEL 1
BRQB3;BOVESPA MAIS
BRSR3;NIVEL 1
BRSR5;NIVEL 1
BRSR6;NIVEL 1
BRST3;NOVO MERCADO
BSLI3;BOLSA
BSLI4;BOLSA
BTSI15;BOLSA
BTSI19;BOLSA
BTSI20;BOLSA
BTSI22;BOLSA
BTSI27;BOLSA
BTSI41;BOLSA
BVEN3;BOLSA
C1GT3;MERCADO DE BALCÃO
C3RP3;BOLSA
CALI3;BOLSA
CAMB3;BOLSA
CAML3;NOVO MERCADO
CASH3;NOVO MERCADO
CASN3;BOLSA
CASN4;BOLSA
CATA3;BOLSA
CATA4;BOLSA
CBAV3;NOVO MERCADO
CBEE3;BOLSA
CBOH3;BOLSA
CCAT3;BOLSA
CCAT4;BOLSA
CCRO3;NOVO MERCADO
CEAB3;NOVO MERCADO
CEAC3;BOLSA
CEAC4;BOLSA
CEAG3;BOLSA
CEAL3;MERCADO DE BALCÃO
CEAL4;MERCADO DE BALCÃO
CEAP3;MERCADO DE BALCÃO
CEBD3;BOLSA
CEBR3;BOLSA
CEBR5;BOLSA
CEBR6;BOLSA
CEDO3;NIVEL 1
CEDO4;NIVEL 1
CEEB3;BOLSA
CEEB5;BOLSA
CEEB6;BOLSA
CEED3;BOLSA
CEED4;BOLSA
CEEP3;BOLSA
CEGR3;BOLSA
CERO3;BOLSA
CESA3;BOLSA
CFHO3;BOLSA
CFHO4;BOLSA
CGAS3;BOLSA
CGAS5;BOLSA
CGOS3;BOLSA
CGRA3;BOLSA
CGRA4;BOLSA
CLNT3;BOLSA
CLSC3;NIVEL 2
CLSC4;NIVEL 2
CMIG3;NIVEL 1
CMIG4;NIVEL 1
CMIN3;NIVEL 2
CMNS3;BOLSA
CNRT5;BOLSA
COCE3;BOLSA
COCE5;BOLSA
COCE6;BOLSA
COCN5;BOLSA
COGN3;NOVO MERCADO
COMR3;BOLSA
CONX3;BOLSA
CPCH3;BOLSA
CPCH7;BOLSA
CPFE3;NOVO MERCADO
CPIS3;BOLSA
CPIS4;BOLSA
CPLE3;NIVEL 2
CPLE5;NIVEL 2
CPLE6;NIVEL 2
CPNO7;BOLSA
CRFB3;NOVO MERCADO
CRML4;BOLSA
CRPC4;BOLSA
CRPG3;BOLSA
CRPG5;BOLSA
CRPG6;BOLSA
CRTE3;BOLSA
CRTE5;BOLSA
CSAL4;BOLSA
CSAM3;BOLSA
CSAM4;BOLSA
CSAN3;NOVO MERCADO
CSED3;NOVO MERCADO
CSMG3;NOVO MERCADO
CSNA3;BOLSA
CSUD3;NOVO MERCADO
CTBA11B;MERCADO DE BALCÃO
CTCA3;BOVESPA MAIS
CTKA3;BOLSA
CTKA4;BOLSA
CTNM3;BOLSA
CTNM4;BOLSA
CTSA3;BOLSA
CTSA4;BOLSA
CURY3;NOVO MERCADO
CVCB3;NOVO MERCADO
CXSE3;NOVO MERCADO
CYRE3;NOVO MERCADO
DANA11;BOLSA
DASA3;NOVO MERCADO
DASS3;MERCADO DE BALCÃO
DESK3;NOVO MERCADO
DEXP3;NIVEL 1
DEXP4;NIVEL 1
DIRR3;NOVO MERCADO
DMFN3;BOLSA
DMVF3;NOVO MERCADO
DNEN3B;MERCADO DE BALCÃO
DOHL3;BOLSA
DOHL4;BOLSA
DOTZ3;NOVO MERCADO
DTCY3;BOLSA
DTCY4;BOLSA
DTEN3;BOLSA
DTEN6;BOLSA
DXCO3;NOVO MERCADO
DXXI3;BOLSA
E3XT3;BOLSA
EALT3;BOLSA
EALT4;BOLSA
EBTL3;BOLSA
ECOR3;NOVO MERCADO
EESG3;BOLSA
EGCE3;BOLSA
EGGY3;BOLSA
EGIE3;NOVO MERCADO
EKTR3;BOLSA
EKTR4;BOLSA
ELBR4;BOLSA
ELET3;NIVEL 1
ELET5;NIVEL 1
ELET6;NIVEL 1
ELMD3;NOVO MERCADO
EMAE3;BOLSA
EMAE4;BOLSA
EMBP3;BOLSA
EMBP4;BOLSA
EMBR3;NOVO MERCADO
ENAC3;BOLSA
ENEV3;NOVO MERCADO
ENGI3;NIVEL 2
ENGI4;NIVEL 2
ENJU3;NOVO MERCADO
ENMT3;BOLSA
ENMT4;BOLSA
EPAR3;BOLSA
EPTR4;BOLSA
EQMA3B;MERCADO DE BALCÃO
EQMA5B;MERCADO DE BALCÃO
EQMA6B;MERCADO DE BALCÃO
EQPA3;BOLSA
EQPA5;BOLSA
EQPA6;BOLSA
EQPA7;BOLSA
EQTL3;NOVO MERCADO
ESGS3;BOLSA
ESGS4;BOLSA
ESPA3;NOVO MERCADO
ESSD3;BOLSA
ESSE5;BOLSA
ESTR3;BOLSA
ESTR4;BOLSA
ETER3;NOVO MERCADO
ETGO3;BOLSA
ETGO4;BOLSA
EUCA3;NIVEL 1
EUCA4;NIVEL 1
EUFA3;M2
EVEN3;NOVO MERCADO
EZTC3;NOVO MERCADO
FAEL6;BOLSA
FAEL7;BOLSA
FESA3;NIVEL 1
FESA4;NIVEL 1
FGRT5;MERCADO DE BALCÃO
FHER3;NOVO MERCADO
FICT3;BOLSA
FIEI3;BOLSA
FIGE3;BOLSA
FIGE4;BOLSA
FIQE3;NOVO MERCADO
FLRY3;NOVO MERCADO
FNUV3;BOLSA
FRAS3;NIVEL 1
FRIO3;NOVO MERCADO
FRNV3;BOLSA
FRRN3B;MERCADO DE BALCÃO
FRRN5B;MERCADO DE BALCÃO
FRRN6B;MERCADO DE BALCÃO
FTRO3;BOLSA
GENT3;MERCADO DE BALCÃO
GEPA3;BOLSA
GEPA4;BOLSA
GFSA3;NOVO MERCADO
GGBR3;NIVEL 1
GGBR4;NIVEL 1
GGPS3;NOVO MERCADO
GMAT3;NOVO MERCADO
GOAU3;NIVEL 1
GOAU4;NIVEL 1
GOLL3;NIVEL 2
GOLL4;NIVEL 2
GPAR3;BOLSA
GPLA5;BOLSA
GRAO3;BOVESPA MAIS
GRND3;NOVO MERCADO
GSHP3;BOLSA
GUAR3;NOVO MERCADO
GUNI3;BOLSA
HAGA3;BOLSA
HAGA4;BOLSA
HAPV3;NOVO MERCADO
HBOR3;NOVO MERCADO
HBRE3;NOVO MERCADO
HBSA3;NOVO MERCADO
HBTS3;BOLSA
HBTS5;BOLSA
HBTS6;BOLSA
HCAR3;BOLSA
HEDA3;BOLSA
HETA3;BOLSA
HETA4;BOLSA
HLJP3;BOLSA
HMOB3;BOLSA
HOAM5;BOLSA
HOAM6;BOLSA
HOOT3;BOLSA
HOOT4;BOLSA
HYPE3;NOVO MERCADO
ICBR3;MERCADO DE BALCÃO
IFCM3;NOVO MERCADO
IGSN3;BOVESPA MAIS
IGTI3;NIVEL 1
IGTI4;NIVEL 1
INEP3;BOLSA
INEP4;BOLSA
INNC3;BOVESPA MAIS
INTB3;NOVO MERCADO
IPNN3;BOLSA
IRBR3;NOVO MERCADO
ISAE3;NIVEL 1
ISAE4;NIVEL 1
ITSA3;NIVEL 1
ITSA4;NIVEL 1
ITUB3;NIVEL 1
ITUB4;NIVEL 1
IVLG3B;BOLSA
IVPR3B;MERCADO DE BALCÃO
IVPR4B;MERCADO DE BALCÃO
JALL3;NOVO MERCADO
JBSS3;NOVO MERCADO
JCBA6;BOLSA
JFEN3;BOLSA
JHSF3;NOVO MERCADO
JOPA3;BOLSA
JOPA4;BOLSA
JSLG3;NOVO MERCADO
KALS5;BOLSA
KALU3;BOLSA
KEPL3;NOVO MERCADO
KLAS3;BOLSA
KLBN3;NIVEL 2
KLBN4;NIVEL 2
KRSA3;BOLSA
LAND3;NOVO MERCADO
LAVV3;NOVO MERCADO
LEVE3;NOVO MERCADO
LIGT3;NOVO MERCADO
LIPR3;BOLSA
LJQQ3;NOVO MERCADO
LLBI3;BOLSA
LMED3;BOVESPA MAIS
LOGG3;NOVO MERCADO
LOGN3;NOVO MERCADO
LOGS3;BOLSA
LOGS4;BOLSA
LPSB3;NOVO MERCADO
LREN3;NOVO MERCADO
LTEL3B;MERCADO DE BALCÃO
LTLA3B;MERCADO DE BALCÃO
LUPA3;NOVO MERCADO
LUXM3;BOLSA
LUXM4;BOLSA
LVTC3;NOVO MERCADO
LWSA3;NOVO MERCADO
MAPT3;BOLSA
MAPT4;BOLSA
MAQN3;BOLSA
MAQN4;BOLSA
MATD3;NOVO MERCADO
MBLY3;NOVO MERCADO
MCRJ11B;MERCADO DE BALCÃO
MDIA3;NOVO MERCADO
MDIN3;BOLSA
MDNE3;NOVO MERCADO
MDSI3;BOLSA
MEAL3;NOVO MERCADO
MELK3;NOVO MERCADO
MERC3;BOLSA
MERC4;BOLSA
MFII13;BOLSA
MGEL3;BOLSA
MGEL4;BOLSA
MGFB3;BOLSA
MGLU3;NOVO MERCADO
MILS3;NOVO MERCADO
MKSS3;BOLSA
MLAS3;NOVO MERCADO
MMAQ3;BOLSA
MMAQ4;BOLSA
MMBR3;BOLSA
MMBR4;BOLSA
MMCA3;BOLSA
MMCA4;BOLSA
MMCF3;BOLSA
MMCF4;BOLSA
MNBI3;BOLSA
MNDL3;BOLSA
MNPR3;BOLSA
MNZC3;BOLSA
MOAR3;BOLSA
MOVI3;NOVO MERCADO
MPBH11;BOLSA
MRFG3;NOVO MERCADO
MRSA3B;MERCADO DE BALCÃO
MRSA5B;MERCADO DE BALCÃO
MRSA6B;MERCADO DE BALCÃO
MRVE3;NOVO MERCADO
MSPA3;BOLSA
MSPA4;BOLSA
MTAL3;BOLSA
MTAL6;BOLSA
MTNR5;BOLSA
MTNR7;BOLSA
MTRE3;NOVO MERCADO
MTSA3;BOLSA
MTSA4;BOLSA
MULT3;NIVEL 2
MWET3;BOLSA
MWET4;BOLSA
MWIS6;BOLSA
MYPK3;NOVO MERCADO
NAII3;BOLSA
NAII4;BOLSA
NEMO3;BOLSA
NEMO5;BOLSA
NEMO6;BOLSA
NEOE3;NOVO MERCADO
NESB3;BOLSA
NEXP3;BOLSA
NGRD3;NOVO MERCADO
NIPL3;BOLSA
NKEP3;BOLSA
NKEP4;BOLSA
NODA3;BOLSA
NODA6;BOLSA
NORD3;BOLSA
NOVI3;BOLSA
NRTQ3;BOLSA
NTCO3;NOVO MERCADO
NUTR3;BOVESPA MAIS
NXVL3;BOLSA
NXVL4;BOLSA
OBAH3;MERCADO DE BALCÃO
OBIO3;BOLSA
ODER3;BOLSA
ODER4;BOLSA
ODPV3;NOVO MERCADO
OFSA3;NOVO MERCADO
OIBR3;NIVEL 1
OIBR4;NIVEL 1
ONCO3;NOVO MERCADO
OPCT3;NOVO MERCADO
OPDL3B;MERCADO DE BALCÃO
OPGM3;BOLSA
OPSE3;BOLSA
OPTS3;BOLSA
ORNA4B;MERCADO DE BALCÃO
ORVR3;NOVO MERCADO
OSXB3;NOVO MERCADO
P5RD3;BOLSA
PASS3;BOLSA
PASS5;BOLSA
PASS6;BOLSA
PATI3;BOLSA
PATI4;BOLSA
PCAR3;NOVO MERCADO
PCBU3;BOLSA
PCEM11;BOLSA
PCEM13;BOLSA
PCEM14;BOLSA
PCEM15;BOLSA
PCEM16;BOLSA
PCEM17;BOLSA
PCFV4;BOLSA
PDGR3;NOVO MERCADO
PDTC3;NOVO MERCADO
PEAB3;BOLSA
PEAB4;BOLSA
PETR3;NIVEL 2
PETR4;NIVEL 2
PETZ3;NOVO MERCADO
PFRM3;NOVO MERCADO
PGMN3;NOVO MERCADO
PINE3;NIVEL 2
PINE4;NIVEL 2
PLAS3;BOLSA
PLFS3;BOLSA
PLPL3;NOVO MERCADO
PLSP3;BOLSA
PMAM3;NOVO MERCADO
PMSP11B;MERCADO DE BALCÃO
PMSP12B;MERCADO DE BALCÃO
PMSP13B;MERCADO DE BALCÃO
PMSP14B;MERCADO DE BALCÃO
PNVL3;NOVO MERCADO
POMO3;NIVEL 2
POMO4;NIVEL 2
PORT3;NOVO MERCADO
POSI3;NOVO MERCADO
PPAR3;BOLSA
PPAR4;BOLSA
PRIO3;NOVO MERCADO
PRMN3B;MERCADO DE BALCÃO
PRNR3;NOVO MERCADO
PRPT3;BOLSA
PRVA3;BOLSA
PSSA3;NOVO MERCADO
PSVM11;BOLSA
PTBL3;NOVO MERCADO
PTBP4;BOLSA
PTCA3;M2
PTNT3;BOLSA
PTNT4;BOLSA
PTSL3;BOLSA
PTSL4;BOLSA
QUAL3;NOVO MERCADO
QUSW3;BOVESPA MAIS
QVQP3;BOLSA
RADL3;NOVO MERCADO
RAIL3;NOVO MERCADO
RAIZ3;NIVEL 2
RAIZ4;NIVEL 2
RANI3;NOVO MERCADO
RAPT3;NIVEL 1
RAPT4;NIVEL 1
RBNS3;BOLSA
RBNS4;BOLSA
RCSL3;BOLSA
RCSL4;BOLSA
RDNI3;NOVO MERCADO
RDOR3;NOVO MERCADO
REAG3;NOVO MERCADO
RECV3;NOVO MERCADO
REDE3;BOLSA
REFC4;BOLSA
RENT3;NOVO MERCADO
RFAG3;BOLSA
RHED4;BOLSA
RHPY3;BOLSA
RIBC8;BOLSA
RIOS3;BOLSA
RIVA3;BOLSA
RJSA3;BOLSA
RLTM11;BOLSA
RNEW3;NIVEL 2
RNEW4;NIVEL 2
RNPT4;BOLSA
ROMI3;NOVO MERCADO
ROOS12;BOLSA
RPAD3;BOLSA
RPAD5;BOLSA
RPAD6;BOLSA
RPMG3;BOLSA
RSAN3;MERCADO DE BALCÃO
RSAN4;MERCADO DE BALCÃO
RSID3;NOVO MERCADO
RSUL3;BOLSA
RSUL4;BOLSA
SANB3;BOLSA
SANB4;BOLSA
SANY6;BOLSA
SAPR3;NIVEL 2
SAPR4;NIVEL 2
SBFG3;NOVO MERCADO
SBSP3;NOVO MERCADO
SCAR3;NOVO MERCADO
SDRM3;BOLSA
SDRM6;BOLSA
SEER3;NOVO MERCADO
SEQL3;NOVO MERCADO
SGPS3;NOVO MERCADO
SHOW3;NOVO MERCADO
SHUL3;BOLSA
SHUL4;BOLSA
SILO3;BOLSA
SILO4;BOLSA
SIMH3;NOVO MERCADO
SLCE3;NOVO MERCADO
SMFT3;NOVO MERCADO
SMTO3;NOVO MERCADO
SNSY3;BOLSA
SNSY5;BOLSA
SNSY6;BOLSA
SOJA3;NOVO MERCADO
SOND3;BOLSA
SOND5;BOLSA
SOND6;BOLSA
SPCI6;BOLSA
SPCR3;BOLSA
SRNA3;NOVO MERCADO
STAL6;BOLSA
STBP3;NOVO MERCADO
STOK3;MERCADO DE BALCÃO
SULG3;BOLSA
SUZB3;NOVO MERCADO
SVPH7;BOLSA
SYNE3;NOVO MERCADO
TAEE3;NIVEL 2
TAEE4;NIVEL 2
TASA3;NIVEL 2
TASA4;NIVEL 2
TAXA0L;BOLSA
TAXA100;BOLSA
TAXA101;BOLSA
TAXA102;BOLSA
TAXA103;BOLSA
TAXA104;BOLSA
TAXA105;BOLSA
TAXA106;BOLSA
TAXA107;BOLSA
TAXA108;BOLSA
TAXA109;BOLSA
TAXA110;BOLSA
TAXA111;BOLSA
TAXA112;BOLSA
TAXA113;BOLSA
TAXA114;BOLSA
TAXA115;BOLSA
TAXA116;BOLSA
TAXA117;BOLSA
TAXA118;BOLSA
TAXA119;BOLSA
TAXA120;BOLSA
TAXA121;BOLSA
TAXA122;BOLSA
TAXA123;BOLSA
TAXA124;BOLSA
TAXA125;BOLSA
TAXA126;BOLSA
TAXA127;BOLSA
TAXA128;BOLSA
TAXA129;BOLSA
TAXA130;BOLSA
TAXA131;BOLSA
TAXA132;BOLSA
TAXA133;BOLSA
TAXA134;BOLSA
TAXA135;BOLSA
TAXA136;BOLSA
TAXA137;BOLSA
TAXA138;BOLSA
TAXA139;BOLSA
TAXA140;BOLSA
TAXA141;BOLSA
TAXA142;BOLSA
TAXA143;BOLSA
TAXA144;BOLSA
TAXA145;BOLSA
TAXA146;BOLSA
TAXA147;BOLSA
TAXA148;BOLSA
TAXA149;BOLSA
TAXA150;BOLSA
TAXA151;BOLSA
TAXA152;BOLSA
TAXA153;BOLSA
TAXA154;BOLSA
TAXA155;BOLSA
TAXA156;BOLSA
TAXA157;BOLSA
TAXA158;BOLSA
TAXA159;BOLSA
TAXA16;BOLSA
TAXA160;BOLSA
TAXA161;BOLSA
TAXA162;BOLSA
TAXA163;BOLSA
TAXA164;BOLSA
TAXA165;BOLSA
TAXA166;BOLSA
TAXA167;BOLSA
TAXA168;BOLSA
TAXA169;BOLSA
TAXA16L;BOLSA
TAXA17;BOLSA
TAXA170;BOLSA
TAXA171;BOLSA
TAXA172;BOLSA
TAXA173;BOLSA
TAXA174;BOLSA
TAXA175;BOLSA
TAXA176;BOLSA
TAXA177;BOLSA
TAXA178;BOLSA
TAXA179;BOLSA
TAXA17L;BOLSA
TAXA18;BOLSA
TAXA180;BOLSA
TAXA181;BOLSA
TAXA182;BOLSA
TAXA183;BOLSA
TAXA184;BOLSA
TAXA185;BOLSA
TAXA186;BOLSA
TAXA187;BOLSA
TAXA188;BOLSA
TAXA189;BOLSA
TAXA18L;BOLSA
TAXA19;BOLSA
TAXA190;BOLSA
TAXA191;BOLSA
TAXA192;BOLSA
TAXA193;BOLSA
TAXA194;BOLSA
TAXA195;BOLSA
TAXA196;BOLSA
TAXA197;BOLSA
TAXA198;BOLSA
TAXA199;BOLSA
TAXA19L;BOLSA
TAXA20;BOLSA
TAXA200;BOLSA
TAXA201;BOLSA
TAXA202;BOLSA
TAXA203;BOLSA
TAXA204;BOLSA
TAXA205;BOLSA
TAXA206;BOLSA
TAXA207;BOLSA
TAXA208;BOLSA
TAXA209;BOLSA
TAXA20L;BOLSA
TAXA21;BOLSA
TAXA210;BOLSA
TAXA211;BOLSA
TAXA212;BOLSA
TAXA213;BOLSA
TAXA214;BOLSA
TAXA215;BOLSA
TAXA216;BOLSA
TAXA217;BOLSA
TAXA218;BOLSA
TAXA219;BOLSA
TAXA21L;BOLSA
TAXA22;BOLSA
TAXA220;BOLSA
TAXA221;BOLSA
TAXA222;BOLSA
TAXA223;BOLSA
TAXA224;BOLSA
TAXA225;BOLSA
TAXA226;BOLSA
TAXA227;BOLSA
TAXA228;BOLSA
TAXA229;BOLSA
TAXA22L;BOLSA
TAXA23;BOLSA
TAXA230;BOLSA
TAXA231;BOLSA
TAXA232;BOLSA
TAXA233;BOLSA
TAXA234;BOLSA
TAXA235;BOLSA
TAXA236;BOLSA
TAXA237;BOLSA
TAXA238;BOLSA
TAXA239;BOLSA
TAXA23L;BOLSA
TAXA24;BOLSA
TAXA240;BOLSA
TAXA241;BOLSA
TAXA242;BOLSA
TAXA243;BOLSA
TAXA244;BOLSA
TAXA245;BOLSA
TAXA246;BOLSA
TAXA247;BOLSA
TAXA248;BOLSA
TAXA249;BOLSA
TAXA24L;BOLSA
TAXA25;BOLSA
TAXA250;BOLSA
TAXA251;BOLSA
TAXA252;BOLSA
TAXA253;BOLSA
TAXA254;BOLSA
TAXA255;BOLSA
TAXA256;BOLSA
TAXA257;BOLSA
TAXA258;BOLSA
TAXA259;BOLSA
TAXA25L;BOLSA
TAXA26;BOLSA
TAXA260;BOLSA
TAXA261;BOLSA
TAXA262;BOLSA
TAXA263;BOLSA
TAXA264;BOLSA
TAXA265;BOLSA
TAXA266;BOLSA
TAXA267;BOLSA
TAXA268;BOLSA
TAXA269;BOLSA
TAXA26L;BOLSA
TAXA27;BOLSA
TAXA270;BOLSA
TAXA271;BOLSA
TAXA272;BOLSA
TAXA273;BOLSA
TAXA274;BOLSA
TAXA275;BOLSA
TAXA276;BOLSA
TAXA277;BOLSA
TAXA278;BOLSA
TAXA279;BOLSA
TAXA27L;BOLSA
TAXA28;BOLSA
TAXA280;BOLSA
TAXA281;BOLSA
TAXA282;BOLSA
TAXA283;BOLSA
TAXA284;BOLSA
TAXA285;BOLSA
TAXA286;BOLSA
TAXA287;BOLSA
TAXA288;BOLSA
TAXA289;BOLSA
TAXA28L;BOLSA
TAXA29;BOLSA
TAXA290;BOLSA
TAXA291;BOLSA
TAXA292;BOLSA
TAXA293;BOLSA
TAXA294;BOLSA
TAXA295;BOLSA
TAXA296;BOLSA
TAXA297;BOLSA
TAXA298;BOLSA
TAXA299;BOLSA
TAXA29L;BOLSA
TAXA30;BOLSA
TAXA300;BOLSA
TAXA301;BOLSA
TAXA302;BOLSA
TAXA303;BOLSA
TAXA304;BOLSA
TAXA305;BOLSA
TAXA306;BOLSA
TAXA307;BOLSA
TAXA308;BOLSA
TAXA309;BOLSA
TAXA30L;BOLSA
TAXA31;BOLSA
TAXA310;BOLSA
TAXA311;BOLSA
TAXA312;BOLSA
TAXA313;BOLSA
TAXA314;BOLSA
TAXA315;BOLSA
TAXA316;BOLSA
TAXA317;BOLSA
TAXA318;BOLSA
TAXA319;BOLSA
TAXA31L;BOLSA
TAXA32;BOLSA
TAXA320;BOLSA
TAXA321;BOLSA
TAXA322;BOLSA
TAXA323;BOLSA
TAXA324;BOLSA
TAXA325;BOLSA
TAXA326;BOLSA
TAXA327;BOLSA
TAXA328;BOLSA
TAXA329;BOLSA
TAXA32L;BOLSA
TAXA33;BOLSA
TAXA330;BOLSA
TAXA331;BOLSA
TAXA332;BOLSA
TAXA333;BOLSA
TAXA334;BOLSA
TAXA335;BOLSA
TAXA336;BOLSA
TAXA337;BOLSA
TAXA338;BOLSA
TAXA339;BOLSA
TAXA33L;BOLSA
TAXA34;BOLSA
TAXA340;BOLSA
TAXA341;BOLSA
TAXA342;BOLSA
TAXA343;BOLSA
TAXA344;BOLSA
TAXA345;BOLSA
TAXA346;BOLSA
TAXA347;BOLSA
TAXA348;BOLSA
TAXA349;BOLSA
TAXA34L;BOLSA
TAXA35;BOLSA
TAXA350;BOLSA
TAXA351;BOLSA
TAXA352;BOLSA
TAXA353;BOLSA
TAXA354;BOLSA
TAXA355;BOLSA
TAXA356;BOLSA
TAXA357;BOLSA
TAXA358;BOLSA
TAXA359;BOLSA
TAXA35L;BOLSA
TAXA36;BOLSA
TAXA360;BOLSA
TAXA361;BOLSA
TAXA362;BOLSA
TAXA363;BOLSA
TAXA364;BOLSA
TAXA365;BOLSA
TAXA36L;BOLSA
TAXA37;BOLSA
TAXA37L;BOLSA
TAXA38;BOLSA
TAXA38L;BOLSA
TAXA39;BOLSA
TAXA39L;BOLSA
TAXA40;BOLSA
TAXA40L;BOLSA
TAXA41;BOLSA
TAXA41L;BOLSA
TAXA42;BOLSA
TAXA42L;BOLSA
TAXA43;BOLSA
TAXA43L;BOLSA
TAXA44;BOLSA
TAXA44L;BOLSA
TAXA45;BOLSA
TAXA45L;BOLSA
TAXA46;BOLSA
TAXA46L;BOLSA
TAXA47;BOLSA
TAXA47L;BOLSA
TAXA48;BOLSA
TAXA48L;BOLSA
TAXA49;BOLSA
TAXA49L;BOLSA
TAXA50;BOLSA
TAXA50L;BOLSA
TAXA51;BOLSA
TAXA51L;BOLSA
TAXA52;BOLSA
TAXA52L;BOLSA
TAXA53;BOLSA
TAXA53L;BOLSA
TAXA54;BOLSA
TAXA54L;BOLSA
TAXA55;BOLSA
TAXA55L;BOLSA
TAXA56;BOLSA
TAXA56L;BOLSA
TAXA57;BOLSA
TAXA57L;BOLSA
TAXA58;BOLSA
TAXA58L;BOLSA
TAXA59;BOLSA
TAXA59L;BOLSA
TAXA60;BOLSA
TAXA60L;BOLSA
TAXA61;BOLSA
TAXA61L;BOLSA
TAXA62;BOLSA
TAXA62L;BOLSA
TAXA63;BOLSA
TAXA63L;BOLSA
TAXA64;BOLSA
TAXA64L;BOLSA
TAXA65;BOLSA
TAXA65L;BOLSA
TAXA66;BOLSA
TAXA66L;BOLSA
TAXA67;BOLSA
TAXA67L;BOLSA
TAXA68;BOLSA
TAXA68L;BOLSA
TAXA69;BOLSA
TAXA69L;BOLSA
TAXA70;BOLSA
TAXA70L;BOLSA
TAXA71;BOLSA
TAXA71L;BOLSA
TAXA72;BOLSA
TAXA72L;BOLSA
TAXA73;BOLSA
TAXA73L;BOLSA
TAXA74;BOLSA
TAXA74L;BOLSA
TAXA75;BOLSA
TAXA75L;BOLSA
TAXA76;BOLSA
TAXA76L;BOLSA
TAXA77;BOLSA
TAXA77L;BOLSA
TAXA78;BOLSA
TAXA78L;BOLSA
TAXA79;BOLSA
TAXA79L;BOLSA
TAXA80;BOLSA
TAXA80L;BOLSA
TAXA81;BOLSA
TAXA81L;BOLSA
TAXA82;BOLSA
TAXA82L;BOLSA
TAXA83;BOLSA
TAXA83L;BOLSA
TAXA84;BOLSA
TAXA84L;BOLSA
TAXA85;BOLSA
TAXA85L;BOLSA
TAXA86;BOLSA
TAXA86L;BOLSA
TAXA87;BOLSA
TAXA87L;BOLSA
TAXA88;BOLSA
TAXA88L;BOLSA
TAXA89;BOLSA
TAXA89L;BOLSA
TAXA90;BOLSA
TAXA90L;BOLSA
TAXA91;BOLSA
TAXA91L;BOLSA
TAXA92;BOLSA
TAXA92L;BOLSA
TAXA93;BOLSA
TAXA93L;BOLSA
TAXA94;BOLSA
TAXA94L;BOLSA
TAXA95;BOLSA
TAXA95L;BOLSA
TAXA96;BOLSA
TAXA96L;BOLSA
TAXA97;BOLSA
TAXA97L;BOLSA
TAXA98;BOLSA
TAXA98L;BOLSA
TAXA99;BOLSA
TAXA99L;BOLSA
TCQC3;BOLSA
TCQC4;BOLSA
TCSA3;NOVO MERCADO
TECN3;NOVO MERCADO
TEGA3;BOLSA
TELB3;BOLSA
TELB4;BOLSA
TEND3;NOVO MERCADO
TFCO3;NIVEL 2
TFCO4;NIVEL 2
TGMA3;NOVO MERCADO
TIMS3;NOVO MERCADO
TKNO3;BOLSA
TKNO4;BOLSA
TOGA11;BOLSA
TOTS3;NOVO MERCADO
TPIS3;NOVO MERCADO
TRAD3;NOVO MERCADO
TRBR3;BOLSA
TRBR4;BOLSA
TREG3;BOLSA
TRIS3;NOVO MERCADO
TTEN3;NOVO MERCADO
TUPY3;NOVO MERCADO
TVIT3;BOLSA
TXBZ11;MERCADO DE BALCÃO
TXBZ5;MERCADO DE BALCÃO
TXRX11;BOLSA
TXRX3;BOLSA
TXRX4;BOLSA
UCAS3;NOVO MERCADO
UGPA3;NOVO MERCADO
UNIP3;BOLSA
UNIP5;BOLSA
UNIP6;BOLSA
UPKP3;BOLSA
USAT4;BOLSA
USIM3;NIVEL 1
USIM5;NIVEL 1
USIM6;NIVEL 1
VALE3;NOVO MERCADO
VAMO3;NOVO MERCADO
VBBR3;NOVO MERCADO
VDMG3;BOLSA
VECF3;BOLSA
VITT3;NOVO MERCADO
VIVA3;NOVO MERCADO
VIVR3;NOVO MERCADO
VIVT3;BOLSA
VLID3;NOVO MERCADO
VLPN3;BOLSA
VSPT3;BOLSA
VSPT4;BOLSA
VSTE3;NOVO MERCADO
VTRU3;NOVO MERCADO
VULC3;NOVO MERCADO
VVEO3;NOVO MERCADO
WEGE3;NOVO MERCADO
WEST3;NOVO MERCADO
WHRL3;BOLSA
WHRL4;BOLSA
WIRE3;BOLSA
WIZC3;NOVO MERCADO
WLMM3;BOLSA
WLMM4;BOLSA
WNBR3;MERCADO DE BALCÃO
YDUQ3;NOVO MERCADO
YOUC3;BOLSA
ZAMP3;BOLSA
